 <Module>
     <Name value="KillBanditsRaiseRelations"/>
     <Id value="KillBanditsRaiseRelations"/>
     <Version value="v2.1.3"/>
     <SingleplayerModule value="true"/>
     <MultiplayerModule value="false"/>
     <Official value ="false" />
     <DependedModules>
         <DependedModule Id="Native"/>
         <DependedModule Id="SandBoxCore"/>
         <DependedModule Id="Sandbox"/>
         <DependedModule Id="CustomBattle"/>
         <DependedModule Id="StoryMode" />
     </DependedModules>
     <SubModules>
         <SubModule>
             <Name value="KillBanditsRaiseRelations"/>
             <DLLName value="KillBanditsRaiseRelations.dll"/>
             <SubModuleClassType value="KillBanditsRaiseRelations.Main"/>
             <Tags>
                 <Tag key="DedicatedServerType" value="none" />
                 <Tag key="IsNoRenderModeElement" value="false" />
             </Tags>
      </SubModule>
	 <SubModule>
      	 <Name value="MCMv5" />
         <DLLName value="MCMv5.dll" />
         <SubModuleClassType value="MCM.MCMSubModule" />
         <Tags />
      </SubModule>
      <SubModule>
          <Name value="MCMv5 Basic Implementation" />
          <DLLName value="MCMv5.dll" />
          <SubModuleClassType value="MCM.Internal.MCMImplementationSubModule" />
          <Tags />
     </SubModule>
     </SubModules>
     <Xmls/>
 </Module>